Image Name,Face Detected,Emotion Label
annoyed_family_123.jpg 0 39 79 174 134 58.576 0,True,0
angry_infant_211.jpg 0 7 39 86 54 31.7741 0,True,0
crying_chinese_406.jpg 0 121 81 162 202 16.5281 0,True,0
angry_worker_33.jpg 1 55 87 134 102 26.6014 0,True,0
annoyed_expression_523.jpg 0 112 197 309 224 23.7493 0,True,6
awe_girl_161.jpg 0 33 221 301 113 84.3516 0,True,6
awe_grandmother_667.jpg 2 733 727 807 813 32.1004 0,True,6
mad_boy_1.jpg 0 75 122 234 187 55.7454 0,True,0
angry_infant_82.jpg 0 0 109 547 438 28.6668 0,True,4
angry_family_818.jpg 0 22 55 187 154 30.5336 0,True,0
frightened_couple_11.jpg 0 158 667 1048 539 57.5391 0,True,6
fighting_asian_272.jpg 3 231 259 326 298 22.8843 0,True,0
annoyed_expression_27.jpg 0 319 410 683 592 45.206 0,True,3
angry_manager_398.jpg 0 133 142 199 190 86.6618 0,True,0
angry_people_609.jpg 0 55 111 244 188 58.6606 0,True,0
annoyed_boy_34.jpg 0 185 504 822 503 55.7583 0,True,0
hostile_boss_101.jpg 2 433 113 339 659 31.6413 0,True,3
fighting_face_739.jpg 0 80 424 504 160 55.1981 0,True,6
angry_actor_379.jpg 0 15 31 218 202 87.2142 0,True,0
fierce_manager_571.jpg 2 123 44 178 257 41.6104 0,True,0
mad_face_654.jpg 0 18 317 541 242 73.9333 0,True,0
awe_president_658.jpg 1 18 302 528 244 32.8038 0,True,6
hostile_asian_350.jpg 1 110 664 1328 774 29.6025 0,True,6
angry_man_79.jpg 0 75 303 757 529 68.8076 0,True,6
angry_manager_14.jpg 0 9 96 211 124 58.8718 0,True,0
angry_boss_107.jpg 0 63 351 542 254 51.002 0,True,0
hostile_face_6.jpg 0 44 22 156 178 71.136 0,True,0
mad_manager_144.jpg 0 31 207 398 222 46.4917 0,True,0
angry_face_549.jpg 0 129 452 840 517 89.0608 0,True,0
angry_manager_245.jpg 0 44 244 377 177 79.0061 0,True,0
angry_couple_236.jpg 1 86 118 212 180 23.1931 0,True,0
hostile_woman_129.jpg 0 64 96 288 256 89.5476 0,True,0
angry_African_138.jpg 0 87 127 207 167 81.6449 0,True,0
amazed_soldier_885.jpg 0 237 124 259 372 51.2561 0,True,6
angry_infant_34.jpg 0 0 148 593 445 36.9152 0,True,6
angry_actor_243.jpg 0 89 89 156 156 75.1311 0,True,3
angry_man_98.jpg 0 186 80 400 506 79.842 0,True,0
fierce_face_375.jpg 0 20 316 396 100 54.5013 0,True,3
amazed_soldier_589.jpg 1 228 570 706 364 59.8735 0,True,6
angry_old_349.jpg 0 94 148 309 255 51.2431 0,True,0
angry_family_275.jpg 0 23 139 186 70 16.9321 0,True,3
frightened_by_the_movie_lad_495.jpg 0 20 107 187 100 96.0999 0,True,0
hostile_infant_546.jpg 0 74 276 356 154 67.8068 0,True,4
fierce_boy_42.jpg 0 64 389 1168 843 17.2705 0,True,4
hostile_boss_384.jpg 0 37 113 169 93 36.1721 0,True,0
mad_face_492.jpg 1 0 620 1151 531 8.68276 0,True,0
amazed_expression_514.jpg 2 101 112 246 235 17.2007 0,True,6
angry_face_76.jpg 0 0 382 1912 1530 27.2336 0,True,0
fierce_boss_141.jpg 0 32 256 352 128 82.3558 0,True,0
fierce_yang_565.jpg 0 40 240 400 200 80.7419 0,True,6
boring_son_26.jpg 1 67 316 587 338 35.4789 0,True,3
angry_president_419.jpg 0 33 202 336 167 87.0347 0,True,6
awe_manager_222.jpg 5 329 192 288 425 25.3311 0,True,6
amazed_old_162.jpg 0 23 161 438 300 70.9174 0,True,3
angry_boss_67.jpg 0 107 1103 1425 429 88.2098 0,True,6
angry_boss_566.jpg 0 54 142 223 135 47.6437 0,True,6
amazed_president_221.jpg 1 474 1491 1626 609 39.6138 0,True,6
annoyed_actor_247.jpg 0 16 80 272 208 48.1892 0,True,6
angry_man_156.jpg 0 56 112 337 281 99.891 0,True,0
frightened_yang_600.jpg 0 56 75 187 168 48.2065 0,True,6
fierce_actor_930.jpg 2 107 215 295 187 16.3593 0,True,0
disgust_African_474.jpg 0 32 64 112 80 39.9189 0,True,6
annoyed_student_8.jpg 0 57 173 311 195 65.34 0,True,0
astound_european_222.jpg 2 96 448 544 192 41.3993 0,True,0
angry_husband_45.jpg 0 32 109 240 163 44.6594 0,True,0
angry_man_368.jpg 0 44 55 188 177 75.7484 0,True,0
fighting_manager_665.jpg 0 31 260 354 125 89.7531 0,True,0
annoyed_lady_29.jpg 0 0 741 1128 387 40.9685 0,True,0
amazed_infant_503.jpg 3 457 781 861 537 73.3211 0,True,3
annoyed_president_688.jpg 0 18 75 188 131 27.2225 0,True,3
angry_chinese_114.jpg 0 53 120 177 110 38.385 0,True,0
unhappy_expression_221.jpg 0 87 107 187 167 70.9091 0,True,4
fierce_grandfather_501.jpg 2 514 323 437 628 9.05464 0,True,3
amazed_american_281.jpg 0 16 168 235 83 56.38 0,True,3
awe_grandfather_428.jpg 0 135 262 309 182 36.0101 0,True,3
fighting_people_555.jpg 0 360 618 753 495 27.6401 0,True,0
awe_student_519.jpg 0 57 218 355 194 101.919 0,True,6
fierce_expression_129.jpg 0 66 483 596 179 51.3008 0,True,0
mad_expression_93.jpg 0 250 387 660 523 50.0283 0,True,0
annoyed_worker_373.jpg 1 61 42 99 118 47.8283 0,True,6
hostile_people_16.jpg 0 0 23 300 277 34.9534 0,True,0
angry_husband_704.jpg 0 33 314 371 90 82.3546 0,True,0
amazed_president_884.jpg 0 78 236 371 213 15.8457 0,True,0
mad_asian_7.jpg 0 54 108 271 217 39.2153 0,True,1
angry_worker_587.jpg 1 88 348 396 136 44.758 0,True,6
angry_face_34.jpg 0 66 33 166 199 48.0251 0,True,6
angry_man_159.jpg 0 406 90 631 947 83.2361 0,True,0
astound_African_872.jpg 1 43 251 298 90 12.8092 0,True,3
angry_student_190.jpg 0 0 32 80 48 60.4761 0,True,0
angry_girl_233.jpg 0 114 114 571 571 63.0113 0,True,0
annoyed_infant_357.jpg 0 0 281 656 375 48.4807 0,True,0
hostile_woman_30.jpg 0 57 161 299 195 55.0564 0,True,0
annoyed_chinese_571.jpg 0 40 40 203 203 83.2837 0,True,0
angry_girl_199.jpg 0 31 174 364 221 58.3264 0,True,0
annoyed_woman_34.jpg 0 0 749 1498 749 70.8805 0,True,6
disgust_woman_655.jpg 0 27 191 519 355 29.8228 0,True,6
mad_yang_495.jpg 3 11 356 423 78 11.2842 0,True,6
angry_old_138.jpg 0 44 111 377 310 36.0774 0,True,0
angry_girl_73.jpg 0 46 77 263 232 68.077 0,True,0
frightened_face_603.jpg 0 86 180 274 180 20.2062 0,True,0
astound_wife_372.jpg 1 52 360 408 100 30.2393 1,True,6
boring_president_227.jpg 1 265 429 496 332 31.1968 1,True,0
disgust_black_226.jpg 0 37 28 140 149 76.8255 1,True,0
hostile_student_143.jpg 0 52 410 568 210 83.4405 1,True,6
amazed_president_237.jpg 0 57 143 257 171 71.3412 1,True,6
hostile_teacher_73.jpg 0 40 272 435 203 86.0544 1,True,6
disgust_actor_247.jpg 0 116 332 380 164 96.6136 1,True,6
hostile_father_465.jpg 0 32 172 220 80 69.424 1,True,6
annoyed_lady_358.jpg 0 57 172 310 195 70.1675 1,True,6
mad_grandfather_942.jpg 2 901 2090 2185 996 56.9085 1,True,6
mad_lady_73.jpg 0 40 214 374 200 86.0589 1,True,6
amazed_infant_503.jpg 6 497 627 694 564 66.1585 1,True,3
annoyed_manager_157.jpg 0 37 37 149 149 91.0871 1,True,6
mad_actor_1.jpg 0 57 209 437 285 136.373 1,True,6
annoyed_infant_9.jpg 0 56 18 243 281 69.2878 1,True,6
heartbroken_woman_651.jpg 0 18 64 175 129 64.6974 1,True,6
amazed_actor_291.jpg 0 33 237 372 168 18.8499 1,True,6
awe_actor_638.jpg 0 120 133 293 280 42.2083 1,True,6
amazed_couple_212.jpg 0 86 72 151 165 45.1951 1,True,3
annoyed_girl_38.jpg 0 46 291 403 158 55.475 1,True,6
disgust_African_940.jpg 1 188 1264 1344 268 57.1792 1,True,6
astound_boss_241.jpg 1 542 705 752 589 36.6661 1,True,6
annoyed_people_716.jpg 0 39 50 117 106 87.4081 1,True,0
crying_teacher_653.jpg 0 334 1036 1103 401 23.1183 1,True,6
disgust_expression_153.jpg 0 77 46 232 263 80.9189 1,True,0
annoyed_grandmother_638.jpg 0 24 32 129 121 51.7954 1,True,6
heartbroken_man_738.jpg 0 67 96 212 183 64.6032 1,True,6
annoyed_girl_386.jpg 0 22 298 573 297 27.6103 1,True,0
distaste_expression_323.jpg 0 115 153 383 345 68.8909 1,True,1
anxious_european_292.jpg 0 63 86 180 157 38.3947 1,True,1
awe_grandmother_20.jpg 0 79 289 605 395 58.8151 1,True,6
annoyed_girl_404.jpg 1 335 559 1006 782 40.9508 1,True,6
boring_boss_317.jpg 0 80 660 740 160 33.1594 1,True,4
astound_president_941.jpg 3 834 1359 1439 914 35.7013 1,True,6
awe_wife_504.jpg 0 150 509 735 376 57.9918 1,True,6
fierce_family_491.jpg 1 128 712 760 176 7.80994 1,True,6
amazed_father_495.jpg 0 295 1750 2022 567 74.2393 1,True,4
amazed_actor_191.jpg 0 27 162 324 189 63.7925 1,True,6
hostile_woman_574.jpg 1 56 222 278 112 51.1987 1,True,6
fierce_european_33.jpg 1 110 252 441 299 66.4849 1,True,6
frightened_by_the_movie_yang_355.jpg 1 147 375 432 204 34.5865 1,True,6
amazed_chinese_676.jpg 1 319 1505 1552 366 75.2268 1,True,6
expressionless_couple_465.jpg 1 187 602 670 255 41.2759 1,True,6
distressed_couple_73.jpg 0 9 143 200 66 49.6341 1,True,6
annoyed_grandmother_42.jpg 0 157 719 988 426 75.1386 1,True,6
amazed_family_708.jpg 0 48 256 352 144 31.0256 1,True,6
astound_man_507.jpg 0 7 158 205 54 9.88274 1,True,6
amazed_actor_157.jpg 0 41 232 396 205 37.7748 1,True,6
amazed_actor_197.jpg 0 32 89 145 88 31.0933 1,True,6
hostile_president_491.jpg 7 224 639 696 281 21.6048 1,True,6
boring_president_823.jpg 1 28 112 224 140 5.79773 1,True,6
fierce_couple_73.jpg 0 16 371 467 112 80.7891 1,True,6
boring_couple_240.jpg 0 114 238 352 228 32.3627 1,True,6
astound_european_463.jpg 6 123 808 922 237 32.8101 1,True,5
fierce_boy_64.jpg 0 135 407 678 406 96.2753 1,True,3
mad_family_330.jpg 2 75 189 245 131 32.3198 1,True,3
disgust_face_422.jpg 3 32 72 168 128 67.687 1,True,6
annoyed_grandfather_109.jpg 0 323 1483 1644 484 70.8342 1,True,6
fierce_boss_11.jpg 0 32 160 352 224 88.7221 1,True,6
annoyed_worker_155.jpg 0 56 383 518 191 85.186 1,True,0
anxious_asian_594.jpg 1 113 362 429 180 63.7337 1,True,6
amazed_yang_90.jpg 0 52 287 600 365 32.1587 1,True,6
awe_wife_203.jpg 4 640 1168 1264 736 18.2438 1,True,6
boring_people_501.jpg 0 56 405 518 169 99.2488 1,True,6
distaste_expression_112.jpg 0 269 323 969 915 72.2489 1,True,5
amazed_yang_309.jpg 4 56 448 544 152 32.0017 1,True,0
annoyed_family_614.jpg 0 28 259 326 95 96.7072 1,True,6
angry_mother_233.jpg 1 24 72 129 81 61.2246 1,True,6
awe_wife_523.jpg 0 20 313 393 100 50.7313 1,True,6
awe_soldier_245.jpg 1 0 372 469 97 28.0002 1,True,6
astound_wife_437.jpg 0 96 536 632 192 78.7445 1,True,6
awe_people_603.jpg 1 208 208 304 304 10.633 1,True,3
annoyed_manager_81.jpg 0 40 120 280 200 50.8017 1,True,3
hostile_president_427.jpg 0 252 448 496 300 55.4497 1,True,4
amazed_actor_414.jpg 0 128 240 336 224 74.4153 1,True,6
fear_student_536.jpg 0 11 522 589 78 55.8728 1,True,6
disgust_African_940.jpg 1 188 1264 1344 268 57.1792 1,True,6
amazed_lady_32.jpg 0 32 32 226 226 92.7323 1,True,6
amazed_actor_137.jpg 0 81 1029 1353 405 83.8917 1,True,6
boring_asian_93.jpg 0 95 103 150 142 46.093 1,True,6
hostile_son_300.jpg 0 79 127 222 174 64.523 1,True,6
awe_grandfather_563.jpg 0 23 110 205 118 9.56101 1,True,6
boring_chinese_313.jpg 0 153 345 806 614 85.1212 1,True,5
awe_wife_71.jpg 0 204 380 448 272 94.5601 1,True,6
awe_lady_582.jpg 0 339 543 678 474 14.8823 1,True,6
fierce_couple_378.jpg 1 276 152 200 324 56.6237 1,True,6
disgust_face_191.jpg 0 22 113 385 294 27.8486 1,True,0
amazed_student_207.jpg 0 18 169 394 243 111.459 1,True,3
boring_husband_566.jpg 1 0 332 445 113 45.257 1,True,6
expressionless_lady_752.jpg 1 31 135 230 126 54.2666 1,True,6
expressionless_lady_793.jpg 0 14 61 117 70 47.0664 1,True,0
astound_boss_591.jpg 0 349 631 711 429 15.5719 1,True,6
boring_people_193.jpg 8 91 87 134 138 9.71152 1,True,6
heartbroken_son_332.jpg 2 128 40 120 208 46.4123 1,True,3
amazed_man_461.jpg 1 88 200 248 136 40.5378 1,True,6
unhappy_expression_5.jpg 0 57 19 250 288 84.9031 1,True,4
heartbroken_yang_473.jpg 1 204 251 307 260 28.0584 1,True,6
awe_girl_672.jpg 0 64 128 512 448 69.9765 1,True,6
disgust_lady_147.jpg 0 97 647 1035 485 61.7485 1,True,6
amazed_boss_447.jpg 5 307 6 86 387 32.4625 1,True,6
disgust_expression_252.jpg 2 11 22 89 78 12.4098 2,True,6
fighting_people_153.jpg 0 220 152 219 287 55.4836 2,True,6
fighting_people_96.jpg 8 365 1095 1257 527 17.7029 2,True,6
afraid_woman_2.jpg 0 177 311 844 710 60.8964 2,True,2
distressed_face_722.jpg 0 26 39 196 183 24.0229 2,True,2
disgust_girl_4.jpg 0 37 113 567 491 87.0254 2,True,4
awe_student_556.jpg 0 327 119 214 422 42.9572 2,True,6
angry_manager_78.jpg 0 76 399 513 190 73.0419 2,True,0
afraid_girl_164.jpg 0 0 93 253 160 49.9648 2,True,5
angry_woman_329.jpg 0 37 47 160 150 76.6968 2,True,5
fighting_man_116.jpg 1 16 79 146 83 35.1533 2,True,5
awe_expression_84.jpg 0 43 55 102 90 85.458 2,True,5
distressed_expression_3.jpg 0 47 63 254 238 40.6018 2,True,5
horrified_grandfather_632.jpg 0 97 65 260 292 38.8271 2,True,5
disgust_woman_272.jpg 0 64 176 272 160 70.1629 2,True,5
boring_people_3.jpg 0 16 16 83 83 81.2483 2,True,5
awe_teacher_10.jpg 0 45 219 286 112 83.0272 2,True,0
frightened_by_the_movie_grandfather_793.jpg 0 32 40 137 129 46.169 2,True,0
heartbroken_wife_492.jpg 0 44 223 490 311 53.2855 2,True,2
afraid_African_214.jpg 0 33 275 342 100 68.6817 2,True,5
distressed_asian_491.jpg 0 115 306 766 575 76.1442 2,True,6
awe_face_319.jpg 0 22 101 236 157 107.677 2,True,5
fear_son_10.jpg 0 96 222 338 212 56.6684 2,True,5
angry_teacher_367.jpg 0 42 123 180 99 63.1727 2,True,5
awe_wife_817.jpg 0 56 264 490 282 58.1061 2,True,6
distressed_teacher_280.jpg 1 168 130 242 280 21.7143 2,True,6
annoyed_american_180.jpg 0 48 112 304 240 61.9606 2,True,6
disgust_man_290.jpg 0 40 163 326 203 76.1739 2,True,0
fighting_president_72.jpg 0 39 300 368 107 30.8912 2,True,4
fear_girl_693.jpg 0 44 198 462 308 39.3195 2,True,5
fighting_face_329.jpg 0 96 520 751 327 57.2079 2,True,3
frightened_by_the_movie_face_785.jpg 0 44 134 402 312 11.806 2,True,6
angry_woman_35.jpg 0 56 128 224 152 83.0741 2,True,0
afraid_woman_54.jpg 0 182 637 1729 1274 91.4903 2,True,5
awe_wife_68.jpg 0 96 628 676 144 25.4056 2,True,5
amazed_husband_933.jpg 0 56 94 207 169 83.9472 2,True,6
amazed_soldier_879.jpg 0 63 47 142 158 3.9887 2,True,6
angry_people_262.jpg 0 22 101 236 157 48.2944 2,True,5
afraid_girl_365.jpg 0 102 94 188 196 70.754 2,True,2
frightened_by_the_movie_infant_656.jpg 0 45 228 365 182 38.8893 2,True,6
anxious_expression_419.jpg 0 32 113 306 225 92.3683 2,True,2
frightened_by_the_movie_woman_102.jpg 0 208 113 340 435 31.6291 2,True,2
amazed_actor_677.jpg 0 65 765 923 223 56.9323 2,True,6
amazed_face_59.jpg 0 16 64 160 112 62.2049 2,True,5
disgust_expression_106.jpg 0 384 384 1042 1042 58.1844 2,True,0
frightened_by_the_movie_face_896.jpg 0 67 719 988 336 8.27169 2,True,6
hostile_european_965.jpg 0 0 89 356 267 22.5753 2,True,6
amazed_couple_145.jpg 1 45 187 255 113 25.669 2,True,3
annoyed_american_319.jpg 2 136 408 504 232 63.7624 2,True,6
frightened_by_the_movie_woman_599.jpg 1 65 131 243 177 12.0964 2,True,4
angry_people_298.jpg 0 125 301 369 193 71.1265 2,True,3
fighting_mother_175.jpg 0 75 0 908 983 26.0608 2,True,3
frightened_by_the_movie_woman_184.jpg 0 65 159 271 177 58.0442 2,True,5
frightened_woman_414.jpg 0 0 11 147 136 22.479 2,True,5
frightened_by_the_movie_student_444.jpg 1 104 371 428 161 6.79297 2,True,6
boring_expression_91.jpg 9 224 12 60 272 16.8821 2,True,5
astound_husband_243.jpg 1 538 443 823 918 14.1383 2,True,6
anxious_African_102.jpg 0 36 28 76 84 29.3358 2,True,6
amazed_president_67.jpg 3 214 754 821 281 26.3028 2,True,6
ecstatic_boy_452.jpg 1 215 282 443 376 68.252 2,True,5
anxious_face_259.jpg 0 44 88 221 177 70.273 2,True,2
frightened_by_the_movie_old_361.jpg 1 81 263 344 162 41.2627 2,True,2
heartbroken_european_577.jpg 1 104 240 336 200 32.9076 2,True,3
amazed_infant_480.jpg 1 114 571 1028 571 5.34024 2,True,3
expressionless_asian_357.jpg 0 61 303 359 117 43.9046 2,True,5
frightened_by_the_movie_face_165.jpg 0 23 143 238 118 61.5619 2,True,5
annoyed_African_418.jpg 0 89 185 252 156 43.4651 2,True,5
awe_man_379.jpg 0 80 201 297 176 70.9719 2,True,5
frightened_by_the_movie_couple_13.jpg 2 333 79 174 428 50.4086 2,True,6
astound_woman_782.jpg 0 312 1184 1280 408 68.6531 2,True,6
angry_worker_415.jpg 0 43 159 206 90 58.7384 2,True,5
angry_student_8.jpg 0 283 94 471 660 63.0864 2,True,0
annoyed_lady_772.jpg 0 74 301 369 142 71.9433 2,True,6
annoyed_actor_333.jpg 0 100 246 380 234 57.529 2,True,5
annoyed_father_453.jpg 0 256 978 1170 448 51.801 2,True,6
angry_teacher_27.jpg 0 74 55 277 296 43.2518 2,True,6
awe_expression_386.jpg 4 31 222 317 126 71.8167 2,True,3
surprised_expression_87.jpg 0 76 76 533 533 105.882 2,True,5
angry_woman_171.jpg 0 56 169 281 168 74.9207 2,True,0
frightened_by_the_movie_face_178.jpg 0 22 172 309 159 33.8866 2,True,5
crying_couple_493.jpg 1 31 399 590 222 46.895 2,True,6
hostile_old_563.jpg 0 123 134 201 190 35.5487 2,True,6
distressed_expression_189.jpg 0 149 298 746 597 73.768 2,True,0
angry_mother_123.jpg 0 79 209 276 146 67.0642 2,True,0
shocked_expression_341.jpg 0 78 112 246 212 83.9515 2,True,5
amazed_manager_390.jpg 1 712 248 344 808 66.706 2,True,6
amazed_manager_390.jpg 1 712 248 344 808 66.706 2,True,6
frightened_expression_274.jpg 0 56 123 257 190 101.924 2,True,5
anxious_family_187.jpg 7 28 283 339 84 9.91822 2,True,6
angry_worker_596.jpg 0 64 192 288 160 8.00231 2,True,6
excited_African_16.jpg 0 0 232 511 279 57.8668 2,True,3
surprised_expression_219.jpg 0 100 167 247 180 86.6473 2,True,0
frightened_by_the_movie_infant_1.jpg 0 77 155 341 263 63.08 2,True,5
disgust_student_337.jpg 4 96 334 401 163 17.276 2,True,6
angry_programmer_854.jpg 0 125 62 130 193 2.7746 2,True,6
disgust_woman_120.jpg 0 204 523 796 477 70.0795 2,True,5
angry_woman_478.jpg 0 106 132 450 424 61.2311 2,True,0
fear_manager_85.jpg 0 100 152 209 157 54.7652 2,True,3
annoyed_infant_115.jpg 0 90 135 202 157 35.8134 2,True,3
shocked_expression_470.jpg 0 111 398 589 302 51.8663 2,True,3
amazed_american_913.jpg 3 588 1369 1504 723 48.7792 3,True,3
amazed_son_582.jpg 0 135 770 1041 406 34.3348 3,True,6
heartbroken_european_404.jpg 4 68 266 334 136 60.1841 3,True,4
annoyed_president_667.jpg 1 61 241 308 128 33.7833 3,True,6
amazed_couple_141.jpg 0 9 752 866 123 50.0248 3,True,6
awe_president_770.jpg 2 251 283 330 298 26.818 3,True,6
awe_woman_247.jpg 0 57 172 229 114 75.6368 3,True,6
astound_programmer_997.jpg 0 0 44 177 133 47.9562 3,True,6
amazed_African_710.jpg 2 135 547 614 202 24.0909 3,True,6
distressed_couple_601.jpg 0 71 90 147 128 69.3811 3,True,6
heartbroken_yang_923.jpg 1 360 84 132 408 23.2074 3,True,3
awe_family_687.jpg 3 385 940 1076 521 54.3771 3,True,6
amazed_father_228.jpg 0 129 237 304 196 82.3144 3,True,6
amazed_girl_378.jpg 0 40 134 214 120 84.1005 3,True,3
amazed_family_476.jpg 4 916 539 619 996 78.3206 3,True,6
amazed_family_137.jpg 1 1152 700 757 1209 77.9282 3,True,3
annoyed_grandmother_874.jpg 0 53 508 668 213 69.686 3,True,6
astound_infant_480.jpg 3 432 1363 1525 594 20.6385 3,True,3
amazed_family_342.jpg 2 398 578 625 445 15.1942 3,True,3
awe_woman_337.jpg 1 163 607 654 210 65.122 3,True,3
amazed_wife_551.jpg 3 200 254 414 360 53.4931 3,True,3
awe_grandfather_870.jpg 2 47 457 537 127 34.3682 3,True,3
annoyed_grandmother_543.jpg 1 649 1833 2291 1107 21.6971 3,True,6
astound_actor_244.jpg 0 114 137 411 388 82.3769 3,True,3
awe_student_786.jpg 3 52 186 243 109 7.50597 3,True,3
fighting_boy_666.jpg 0 564 1478 1800 886 59.2619 3,True,3
astound_son_157.jpg 2 450 1103 1238 585 28.0796 3,True,0
awe_family_682.jpg 0 226 259 326 293 105.844 3,True,3
heartbroken_wife_369.jpg 1 14 90 147 71 22.682 3,True,3
heartbroken_son_109.jpg 1 80 192 240 128 27.2645 3,True,6
astound_soldier_794.jpg 3 159 27 74 206 62.8862 3,True,3
awe_couple_912.jpg 0 113 533 669 249 100.272 3,True,3
awe_African_687.jpg 0 146 142 198 202 80.9435 3,True,6
fighting_woman_532.jpg 0 36 385 433 84 55.9825 3,True,6
amazed_people_3.jpg 1 68 80 217 205 55.9708 3,True,3
amazed_couple_425.jpg 0 0 197 309 112 54.1135 3,True,3
amazed_girl_612.jpg 0 266 719 1038 585 72.655 3,True,3
hostile_family_265.jpg 0 87 427 474 134 56.5185 3,True,6
amazed_actor_474.jpg 0 540 977 1090 653 76.299 3,True,6
fierce_european_440.jpg 1 509 656 723 576 48.6676 3,True,6
astound_chinese_210.jpg 0 266 319 638 585 71.7446 3,True,3
amazed_husband_354.jpg 0 218 342 399 275 34.178 3,True,3
amazed_infant_769.jpg 7 299 351 398 346 23.938 3,True,6
awe_father_816.jpg 0 384 576 1036 844 53.774 3,True,3
astound_teacher_557.jpg 1 158 294 566 430 26.3958 3,True,3
awe_grandfather_256.jpg 6 132 152 200 180 64.6716 3,True,6
amazed_grandmother_406.jpg 0 38 135 251 154 50.0616 3,True,3
amazed_worker_347.jpg 0 80 624 816 272 79.8618 3,True,3
amazed_american_763.jpg 2 135 1221 1356 270 96.7923 3,True,6
amazed_american_594.jpg 2 907 979 1036 964 90.5771 3,True,3
astound_president_656.jpg 1 464 588 723 599 76.9698 3,True,3
astound_programmer_573.jpg 0 64 256 640 448 60.7453 3,True,3
hostile_actor_826.jpg 1 148 526 663 285 38.4021 3,True,3
crying_grandfather_800.jpg 1 238 809 999 428 63.044 3,True,3
astound_man_432.jpg 2 123 842 899 180 80.6275 3,True,6
crying_worker_660.jpg 0 43 87 350 306 39.4109 3,True,6
amazed_president_671.jpg 4 364 488 536 412 23.0682 3,True,6
astound_asian_852.jpg 0 175 297 459 337 78.1145 3,True,3
boring_husband_612.jpg 0 26 67 227 186 19.8594 3,True,4
astound_old_467.jpg 1 39 62 155 132 33.6056 3,True,3
awe_american_859.jpg 2 64 120 216 160 56.1284 3,True,3
awe_teacher_227.jpg 0 152 496 544 200 46.0598 3,True,6
amazed_people_119.jpg 1 323 514 742 551 51.5037 3,True,3
awe_people_70.jpg 2 92 280 328 140 17.9253 3,True,6
amazed_expression_324.jpg 0 113 275 469 307 76.1691 3,True,6
distressed_people_677.jpg 3 85 238 295 142 47.0555 3,True,6
angry_president_643.jpg 0 168 1104 1200 264 51.6305 3,True,6
astound_wife_210.jpg 2 158 570 760 348 101.023 3,True,6
amazed_husband_913.jpg 1 0 1594 1785 191 5.92471 3,True,6
awe_African_303.jpg 0 7 381 428 54 75.1255 3,True,3
awe_asian_335.jpg 0 294 737 873 430 43.2749 3,True,3
amazed_chinese_154.jpg 1 39 190 285 134 33.6937 3,True,3
awe_family_304.jpg 2 114 133 247 228 53.8961 3,True,3
amazed_people_234.jpg 1 328 675 732 385 99.2716 3,True,6
awe_father_617.jpg 3 1003 597 732 1138 53.0352 3,True,6
amazed_actor_513.jpg 0 74 74 297 297 22.943 3,True,6
anxious_manager_502.jpg 2 241 262 342 321 28.9729 3,True,3
awe_woman_814.jpg 0 147 275 355 227 59.0362 3,True,3
awe_teacher_358.jpg 0 83 167 214 130 83.5042 3,True,3
frightened_by_the_movie_chinese_448.jpg 0 143 270 365 238 2.72152 3,True,6
astound_actor_537.jpg 1 266 333 599 532 33.4603 3,True,3
astound_manager_593.jpg 0 93 112 337 318 98.7991 3,True,3
awe_soldier_215.jpg 0 39 158 225 106 80.0846 3,True,6
astound_boy_360.jpg 0 22 90 362 294 71.4786 3,True,3
fierce_wife_34.jpg 2 52 108 164 108 49.4972 3,True,6
amazed_father_838.jpg 1 80 333 493 240 41.6349 3,True,3
awe_husband_642.jpg 0 104 39 196 261 38.8231 3,True,3
awe_face_648.jpg 1 190 171 218 237 37.6633 3,True,3
amazed_husband_143.jpg 1 53 186 345 212 78.7414 3,True,3
amazed_american_240.jpg 0 698 571 1333 1460 45.4864 3,True,3
boring_actor_556.jpg 9 288 147 214 355 31.155 3,True,6
amazed_people_162.jpg 9 418 380 437 475 29.0868 3,True,6
amazed_son_104.jpg 3 262 45 181 398 39.7665 3,True,5
astound_chinese_439.jpg 2 681 198 311 794 23.3341 3,True,3
annoyed_president_758.jpg 2 84 248 296 132 19.2616 3,True,3
boring_people_155.jpg 6 221 176 244 289 52.9086 3,True,3
awe_student_237.jpg 0 190 247 475 418 85.428 3,True,3
amazed_husband_506.jpg 0 325 456 1238 1107 100.599 3,True,3
awe_actor_627.jpg 0 55 186 409 278 117.346 3,True,3
awe_american_898.jpg 0 148 559 639 228 14.1318 3,True,3
annoyed_family_679.jpg 0 81 217 379 243 69.9874 4,True,6
crying_american_669.jpg 0 164 268 316 212 32.6388 4,True,6
heartbroken_manager_228.jpg 2 229 0 137 366 5.84661 4,True,5
astound_family_887.jpg 0 16 112 208 112 34.6441 4,True,5
astound_expression_689.jpg 0 154 96 327 385 42.1648 4,True,5
heartbroken_son_439.jpg 0 109 80 137 166 27.6033 4,True,6
crying_face_380.jpg 0 462 0 1848 2310 76.8416 4,True,6
fierce_teacher_90.jpg 0 26 166 246 106 64.9199 4,True,4
distaste_manager_460.jpg 8 4 452 500 52 36.0453 4,True,6
heartbroken_actor_832.jpg 1 31 155 202 78 53.3631 4,True,3
amazed_student_354.jpg 0 432 318 591 705 75.17 4,True,3
crying_chinese_724.jpg 1 121 526 687 282 26.3055 4,True,6
crying_asian_288.jpg 0 114 194 331 251 5.4275 4,True,4
angry_grandfather_302.jpg 0 43 197 460 306 82.7015 4,True,4
fighting_wife_488.jpg 2 107 452 519 174 37.7896 4,True,6
heartbroken_chinese_717.jpg 1 491 1427 1474 538 79.5254 4,True,6
heartbroken_grandmother_419.jpg 1 181 305 362 238 49.48 4,True,6
crying_worker_281.jpg 1 233 480 560 313 55.353 4,True,6
crying_people_440.jpg 2 204 120 168 252 2.06082 4,True,4
fighting_old_484.jpg 2 207 613 660 254 15.2369 4,True,0
expressionless_man_304.jpg 0 67 259 394 202 105.047 4,True,6
crying_man_39.jpg 0 13 53 213 173 27.39 4,True,6
crying_european_699.jpg 0 33 22 155 166 66.527 4,True,4
crying_infant_605.jpg 0 0 92 368 276 14.259 4,True,4
distressed_infant_73.jpg 1 277 28 142 391 55.9179 4,True,3
crying_european_501.jpg 2 99 334 381 146 18.807 4,True,6
crying_yang_270.jpg 1 190 127 508 571 13.6744 4,True,6
awe_expression_327.jpg 0 0 161 484 323 51.5473 4,True,0
fighting_son_613.jpg 0 34 97 165 102 66.9113 4,True,0
crying_son_55.jpg 0 96 224 608 480 54.0731 4,True,6
fighting_face_182.jpg 0 31 207 398 222 49.5242 4,True,6
angry_people_150.jpg 0 47 182 263 128 61.9008 4,True,6
annoyed_son_236.jpg 1 112 406 473 179 32.6213 4,True,3
fierce_soldier_593.jpg 0 208 200 296 304 17.3924 4,True,3
crying_husband_538.jpg 0 39 186 253 106 59.9942 4,True,4
crying_worker_10.jpg 0 57 191 306 172 48.6259 4,True,4
crying_boy_84.jpg 0 48 112 304 240 72.1818 4,True,4
crying_father_234.jpg 0 67 375 442 134 62.7739 4,True,6
heartbroken_face_296.jpg 0 45 45 319 319 28.2758 4,True,6
angry_student_246.jpg 0 46 169 281 158 90.9918 4,True,0
angry_boss_252.jpg 1 114 181 261 194 46.0228 4,True,2
annoyed_expression_477.jpg 0 120 128 224 216 87.0178 4,True,6
angry_programmer_369.jpg 0 118 78 550 590 51.275 4,True,0
frightened_expression_84.jpg 0 37 56 281 262 58.8023 4,True,5
fighting_actor_605.jpg 0 33 114 171 90 74.5975 4,True,6
crying_worker_417.jpg 1 68 256 304 116 57.4691 4,True,6
crying_wife_179.jpg 0 134 231 462 365 18.4168 4,True,6
distaste_soldier_272.jpg 3 81 729 786 138 19.9708 4,True,3
distressed_worker_723.jpg 0 226 192 328 362 55.3188 4,True,6
crying_yang_337.jpg 0 66 88 353 331 67.6994 4,True,6
crying_european_414.jpg 2 5 164 231 72 32.3216 4,True,6
crying_people_311.jpg 0 147 228 389 308 70.2823 4,True,4
angry_actor_519.jpg 0 37 129 351 259 43.6239 4,True,4
fierce_student_344.jpg 0 20 206 286 100 60.6943 4,True,6
crying_asian_676.jpg 0 31 108 294 217 10.5397 4,True,6
amazed_African_651.jpg 1 100 100 234 234 52.8227 4,True,6
expressionless_european_227.jpg 0 13 18 73 68 58.0454 4,True,4
crying_father_477.jpg 0 120 133 293 280 5.83505 4,True,4
frightened_by_the_movie_African_916.jpg 1 12 268 316 60 24.1761 4,True,6
crying_son_201.jpg 0 210 129 323 404 4.09405 4,True,4
annoyed_grandfather_223.jpg 0 89 156 290 223 32.8104 4,True,4
frightened_chinese_167.jpg 9 124 528 576 172 27.159 4,True,6
annoyed_european_32.jpg 0 92 184 232 140 67.9677 4,True,5
heartbroken_people_806.jpg 0 75 151 605 529 37.7004 4,True,6
heartbroken_boss_609.jpg 0 40 161 241 120 90.137 4,True,6
crying_lady_37.jpg 0 44 0 265 309 77.4552 4,True,6
fierce_son_503.jpg 0 260 50 117 327 47.4222 4,True,3
heartbroken_yang_412.jpg 0 11 22 155 144 42.3029 4,True,4
distressed_student_47.jpg 0 23 43 90 70 92.3665 4,True,4
distaste_woman_464.jpg 0 63 222 412 253 95.15 4,True,6
crying_boss_477.jpg 2 90 392 449 147 47.147 4,True,6
heartbroken_lady_152.jpg 0 146 361 428 213 72.0301 4,True,4
frightened_student_618.jpg 0 27 0 162 189 21.9944 4,True,4
astound_African_378.jpg 7 287 39 134 382 30.2568 4,True,3
awe_actor_61.jpg 0 34 261 329 102 52.6229 4,True,3
crying_mother_17.jpg 0 26 80 401 347 19.8431 4,True,3
crying_grandfather_331.jpg 0 44 189 322 177 53.7261 4,True,6
hostile_African_342.jpg 0 555 884 952 623 72.9906 4,True,6
annoyed_grandfather_382.jpg 0 45 206 343 182 71.2281 4,True,6
awe_yang_832.jpg 1 1171 461 518 1228 54.646 4,True,6
frightened_by_the_movie_mother_990.jpg 2 182 419 500 263 36.054 4,True,6
crying_chinese_49.jpg 0 0 0 270 270 16.8761 4,True,6
crying_expression_662.jpg 2 495 608 878 765 12.3884 4,True,6
heartbroken_american_870.jpg 3 289 20 100 369 48.928 4,True,4
fierce_worker_200.jpg 0 47 207 398 238 45.4778 4,True,0
angry_president_303.jpg 0 32 177 370 225 58.1714 4,True,0
annoyed_asian_181.jpg 0 68 204 272 136 52.4932 4,True,0
crying_family_468.jpg 0 0 94 256 162 34.0617 4,True,0
crying_expression_335.jpg 0 0 95 476 381 26.2522 4,True,0
expressionless_wife_551.jpg 3 204 56 104 252 27.5377 4,True,6
fighting_African_812.jpg 0 14 114 171 71 33.7461 4,True,6
crying_teacher_392.jpg 0 48 58 174 164 58.5233 4,True,4
amazed_teacher_926.jpg 7 119 143 200 176 6.68915 4,True,3
frightened_son_881.jpg 0 45 229 366 182 72.314 4,True,0
heartbroken_grandfather_277.jpg 0 157 78 267 346 39.3756 4,True,3
distressed_man_141.jpg 0 37 75 302 264 83.0409 4,True,6
expressionless_wife_521.jpg 0 56 490 538 104 42.5951 4,True,3
crying_people_519.jpg 5 204 357 425 272 46.684 4,True,4
fierce_worker_817.jpg 1 5 153 221 73 69.887 4,True,6
crying_people_160.jpg 0 366 122 284 528 59.6198 4,True,6
mad_black_54.jpg 0 15 0 95 110 54.8223 5,True,6
awe_actor_341.jpg 0 15 139 325 201 78.9665 5,True,5
excited_boy_72.jpg 0 22 85 153 90 83.3156 5,True,5
astound_asian_66.jpg 0 8 12 60 56 4.89295 5,True,5
boring_infant_442.jpg 0 167 100 157 224 54.7387 5,True,6
mad_man_138.jpg 0 76 228 685 533 74.8947 5,True,0
angry_boss_266.jpg 0 52 99 155 108 68.5261 5,True,0
frightened_programmer_120.jpg 0 27 209 256 74 69.9711 5,True,5
boring_worker_134.jpg 0 20 128 176 68 28.7215 5,True,5
amazed_lady_144.jpg 0 44 191 258 111 96.0653 5,True,5
fierce_president_367.jpg 1 167 191 286 262 70.9245 5,True,6
angry_expression_87.jpg 0 46 93 280 233 88.3459 5,True,0
amazed_woman_178.jpg 0 38 100 157 95 42.6164 5,True,5
distaste_woman_921.jpg 1 62 332 399 129 7.25752 5,True,3
amazed_expression_236.jpg 0 14 51 107 70 86.3589 5,True,5
awe_president_109.jpg 0 54 27 353 380 74.8771 5,True,3
shocked_expression_32.jpg 0 52 39 196 209 72.9231 5,True,3
astound_teacher_729.jpg 0 75 179 292 188 63.7476 5,True,6
fighting_manager_173.jpg 0 22 185 252 89 104.481 5,True,0
amazed_soldier_681.jpg 0 221 435 515 301 0.870817 5,True,0
amazed_grandmother_390.jpg 0 80 390 470 160 86.1355 5,True,0
astound_face_549.jpg 1 135 1142 1209 202 37.7581 5,True,5
afraid_man_2.jpg 0 72 0 218 290 44.4138 5,True,5
amazed_couple_26.jpg 0 171 242 289 218 45.4703 5,True,0
surprised_expression_259.jpg 0 303 246 473 530 41.1188 5,True,0
amazed_father_117.jpg 0 124 312 686 498 65.7867 5,True,0
amazed_woman_158.jpg 0 26 80 160 106 99.8684 5,True,2
astound_president_693.jpg 0 103 591 686 198 37.2949 5,True,2
amazed_couple_455.jpg 0 22 79 214 157 93.086 5,True,6
hostile_asian_523.jpg 0 76 133 247 190 66.1444 5,True,0
hostile_woman_576.jpg 0 73 343 410 140 66.8504 5,True,6
frightened_by_the_movie_european_235.jpg 0 46 180 260 126 32.3568 5,True,6
awe_son_363.jpg 1 47 150 244 141 44.9004 5,True,6
awe_boy_11.jpg 0 95 509 891 477 65.4953 5,True,5
frightened_by_the_movie_manager_175.jpg 0 79 334 429 174 48.0598 5,True,5
awe_woman_26.jpg 0 190 476 857 571 79.2808 5,True,5
amazed_face_153.jpg 0 37 56 283 264 57.8386 5,True,5
frightened_lady_299.jpg 0 89 145 279 223 73.3521 5,True,6
amazed_asian_114.jpg 0 0 188 510 322 84.1908 5,True,5
fierce_African_244.jpg 2 23 288 344 79 41.865 5,True,6
amazed_infant_556.jpg 0 23 51 107 79 58.3793 5,True,6
annoyed_soldier_12.jpg 0 226 453 842 615 73.8428 5,True,0
amazed_expression_122.jpg 0 89 168 302 223 55.618 5,True,5
fierce_president_279.jpg 6 256 392 440 304 20.9399 5,True,4
astound_expression_400.jpg 6 140 442 522 220 66.2741 5,True,3
fierce_asian_57.jpg 1 100 193 273 180 7.70663 5,True,0
hostile_student_179.jpg 0 157 104 161 214 20.738 5,True,0
anxious_woman_288.jpg 0 40 48 145 137 59.3423 5,True,0
annoyed_African_578.jpg 0 39 241 308 106 43.7999 5,True,6
amazed_programmer_734.jpg 0 141 302 382 221 49.8142 5,True,6
heartbroken_old_171.jpg 0 53 200 360 213 51.9691 5,True,0
astound_grandmother_730.jpg 0 45 388 662 319 35.3083 5,True,5
mad_grandfather_791.jpg 0 189 436 549 302 26.0469 5,True,5
fierce_couple_61.jpg 0 9 61 117 65 20.4724 5,True,6
awe_soldier_82.jpg 0 171 66 123 228 80.5608 5,True,6
hostile_woman_12.jpg 0 0 110 441 331 12.8641 5,True,0
horrified_man_121.jpg 0 231 277 832 786 56.9261 5,True,0
hostile_manager_17.jpg 0 28 61 117 84 69.4103 5,True,0
expressionless_american_214.jpg 1 0 0 137 137 9.098 5,True,6
shocked_expression_326.jpg 0 6 13 93 86 81.3371 5,True,5
mad_asian_195.jpg 0 609 324 486 771 29.4455 5,True,6
surprised_expression_120.jpg 0 100 145 278 233 72.7959 5,True,5
awe_African_158.jpg 7 28 195 252 85 3.44136 5,True,6
shocked_expression_308.jpg 0 57 105 220 172 85.2866 5,True,5
annoyed_student_149.jpg 0 20 88 136 68 61.338 5,True,0
annoyed_family_922.jpg 3 3 354 401 50 19.5878 5,True,5
amazed_father_498.jpg 0 39 39 196 196 34.8386 5,True,5
fierce_woman_411.jpg 0 13 412 493 94 32.8812 5,True,5
astound_expression_210.jpg 1 523 1716 1773 580 38.2197 5,True,6
amazed_infant_348.jpg 0 158 190 571 539 53.8952 5,True,6
amazed_boy_148.jpg 0 227 454 1362 1135 43.2646 5,True,5
ecstatic_girl_64.jpg 0 24 44 92 72 23.9292 5,True,3
annoyed_woman_203.jpg 0 28 248 362 142 66.2927 5,True,0
awe_european_172.jpg 0 111 399 494 206 79.569 5,True,5
ecstatic_girl_412.jpg 0 200 113 193 280 48.9841 5,True,6
awe_son_611.jpg 0 33 214 349 168 79.703 5,True,5
frightened_man_151.jpg 0 56 0 225 281 54.4369 5,True,2
distaste_programmer_836.jpg 0 114 533 647 228 27.709 5,True,2
distaste_African_700.jpg 0 113 269 325 169 49.0246 5,True,0
amazed_woman_221.jpg 0 31 63 158 126 78.3586 5,True,0
amazed_teacher_712.jpg 9 1030 1262 1357 1125 65.8678 5,True,5
disgust_president_109.jpg 0 79 399 494 174 72.9688 5,True,6
shocked_expression_358.jpg 0 151 415 641 377 82.7857 5,True,5
amazed_worker_109.jpg 0 7 131 178 54 75.9314 5,True,5
astound_president_809.jpg 0 7 221 268 54 34.2205 5,True,5
amazed_president_504.jpg 0 33 190 324 167 33.6844 5,True,6
crying_president_563.jpg 0 949 180 293 1062 51.6169 5,True,4
amazed_face_254.jpg 0 46 131 243 158 42.6647 5,True,6
awe_African_351.jpg 0 168 505 585 248 36.312 5,True,6
surprised_expression_177.jpg 0 123 27 191 287 31.2562 5,True,5
angry_chinese_332.jpg 0 228 1990 2151 389 78.6199 5,True,6
amazed_man_124.jpg 0 62 39 132 155 69.5057 5,True,6
frightened_woman_485.jpg 0 101 122 203 182 51.9981 5,True,5
frightened_expression_121.jpg 0 48 144 336 240 68.522 5,True,2
awe_infant_520.jpg 2 592 417 578 753 23.7362 5,True,6
amazed_president_407.jpg 0 27 20 101 108 65.7565 5,True,6
frightened_by_the_movie_woman_223.jpg 0 57 160 297 194 71.4517 5,True,5
frightened_face_80.jpg 0 48 163 278 163 84.6589 5,True,5
shocked_expression_216.jpg 0 38 9 123 152 26.4573 5,True,5
awe_girl_452.jpg 0 79 379 446 146 41.9748 5,True,5
hostile_wife_345.jpg 2 15 571 666 110 32.233 6,True,5
distressed_chinese_796.jpg 1 95 570 617 142 28.7978 6,True,6
heartbroken_chinese_481.jpg 6 103 582 629 150 41.5585 6,True,6
amazed_president_423.jpg 0 143 467 581 257 58.5432 6,True,6
annoyed_grandmother_3.jpg 0 0 68 340 272 24.7257 6,True,6
awe_mother_726.jpg 0 113 113 565 565 69.4077 6,True,6
mad_boy_30.jpg 0 114 267 726 573 42.741 6,True,5
awe_chinese_732.jpg 1 208 564 631 275 39.3007 6,True,6
hostile_actor_76.jpg 0 14 42 98 70 53.5379 6,True,6
fighting_american_510.jpg 4 604 432 480 652 7.60419 6,True,6
amazed_African_350.jpg 1 42 416 472 98 83.389 6,True,6
fierce_African_290.jpg 1 34 307 443 170 18.4747 6,True,6
angry_american_42.jpg 3 73 68 136 141 8.18998 6,True,6
amazed_grandfather_761.jpg 2 109 190 247 166 17.4193 6,True,6
amazed_teacher_198.jpg 0 80 193 386 273 91.3482 6,True,6
astound_man_655.jpg 0 66 66 199 199 56.6256 6,True,6
heartbroken_face_363.jpg 0 94 185 241 150 42.5991 6,True,6
amazed_lady_47.jpg 0 0 160 544 384 58.312 6,True,6
fighting_son_278.jpg 0 39 187 234 86 57.8708 6,True,6
hostile_grandfather_12.jpg 0 22 237 372 157 17.2641 6,True,6
amazed_actor_696.jpg 0 843 701 814 956 47.173 6,True,6
amazed_African_123.jpg 0 19 106 222 135 44.8221 6,True,6
mad_boy_683.jpg 0 45 304 439 180 91.6463 6,True,6
amazed_asian_88.jpg 0 0 813 1203 390 13.1798 6,True,6
annoyed_boy_82.jpg 0 15 230 277 62 81.5546 6,True,6
crying_African_457.jpg 0 32 161 354 225 51.9321 6,True,6
heartbroken_grandfather_744.jpg 1 54 0 81 135 44.2022 6,True,6
fierce_asian_503.jpg 3 32 372 420 80 26.9535 6,True,6
amazed_grandfather_788.jpg 0 255 127 893 1021 68.9065 6,True,6
distressed_father_348.jpg 0 106 159 796 743 38.9522 6,True,0
amazed_president_147.jpg 0 102 130 241 213 80.6603 6,True,6
distaste_African_526.jpg 0 139 486 533 186 68.5296 6,True,6
astound_teacher_863.jpg 4 108 371 452 189 22.0812 6,True,6
amazed_grandmother_595.jpg 3 241 831 991 401 24.6572 6,True,6
awe_asian_176.jpg 2 61 658 714 117 81.1119 6,True,6
fierce_programmer_893.jpg 1 312 380 428 360 5.40976 6,True,6
hostile_european_944.jpg 1 13 545 625 93 55.743 6,True,6
angry_mother_313.jpg 0 89 134 201 156 65.1251 6,True,6
amazed_boss_447.jpg 6 341 375 443 409 21.1482 6,True,6
hostile_student_417.jpg 0 280 524 572 328 77.1636 6,True,6
astound_actor_837.jpg 2 52 180 237 109 42.5058 6,True,6
awe_wife_416.jpg 1 188 282 395 301 29.6871 6,True,3
annoyed_president_541.jpg 0 47 423 518 142 88.521 6,True,6
mad_teacher_309.jpg 0 37 207 319 149 44.0881 6,True,6
angry_old_226.jpg 0 108 136 192 164 32.3733 6,True,6
distressed_teacher_114.jpg 0 192 248 344 288 59.7597 6,True,3
astound_grandfather_694.jpg 4 76 339 396 133 9.65004 6,True,6
amazed_worker_553.jpg 0 79 182 318 215 83.4569 6,True,6
astound_actor_31.jpg 1 158 39 106 225 24.5312 6,True,6
angry_people_239.jpg 0 112 176 368 304 25.519 6,True,6
fighting_student_714.jpg 1 9 224 281 66 13.3991 6,True,6
distaste_grandfather_721.jpg 4 90 157 214 147 28.2229 6,True,6
frightened_by_the_movie_manager_500.jpg 0 65 195 390 260 96.181 6,True,6
hostile_chinese_967.jpg 0 57 0 68 125 9.681 6,True,6
frightened_by_the_movie_grandfather_1342.jpg 1 80 0 96 176 46.6088 6,True,6
fighting_manager_431.jpg 0 343 95 324 572 89.6591 6,True,0
mad_grandfather_420.jpg 2 315 205 394 504 25.3315 6,True,6
awe_manager_222.jpg 4 334 271 338 401 26.6541 6,True,6
amazed_grandmother_254.jpg 0 86 114 228 200 81.1271 6,True,3
crying_husband_167.jpg 2 51 334 402 119 5.53446 6,True,3
awe_grandmother_159.jpg 3 464 430 510 544 71.7531 6,True,3
awe_old_356.jpg 0 134 671 1208 671 57.462 6,True,6
amazed_manager_124.jpg 6 217 1012 1125 330 35.9473 6,True,6
amazed_student_287.jpg 5 361 1304 1361 418 41.933 6,True,6
heartbroken_european_53.jpg 1 28 228 285 85 38.696 6,True,6
fighting_president_516.jpg 7 4 913 961 52 10.2687 6,True,6
fighting_woman_156.jpg 0 39 118 212 133 53.7759 6,True,6
amazed_husband_174.jpg 0 147 443 579 283 23.4153 6,True,3
heartbroken_people_201.jpg 0 61 129 196 128 77.8277 6,True,6
angry_people_172.jpg 1 0 0 194 194 36.132 6,True,6
amazed_boss_502.jpg 0 11 101 235 145 26.6341 6,True,6
fighting_family_749.jpg 0 15 135 230 110 59.5427 6,True,6
annoyed_president_156.jpg 0 22 89 223 156 43.207 6,True,6
disgust_teacher_570.jpg 1 382 47 238 573 72.9684 6,True,6
amazed_expression_420.jpg 0 0 319 638 319 52.1697 6,True,6
awe_soldier_159.jpg 0 38 640 754 152 59.8705 6,True,6
distressed_son_579.jpg 0 33 539 673 167 28.6192 6,True,6
heartbroken_chinese_126.jpg 7 675 252 309 732 56.1946 6,True,6
amazed_student_771.jpg 0 497 1626 1706 577 47.0939 6,True,4
mad_manager_388.jpg 0 9 156 212 65 59.9941 6,True,0
amazed_actor_352.jpg 0 962 168 248 1042 70.044 6,True,6
awe_expression_742.jpg 0 652 159 350 843 23.3627 6,True,6
amazed_president_701.jpg 6 541 84 151 608 28.1695 6,True,6
annoyed_student_617.jpg 0 171 494 541 218 72.8086 6,True,6
angry_son_81.jpg 0 55 246 341 150 51.0141 6,True,6
anxious_mother_314.jpg 0 13 67 147 93 0.0729453 6,True,6
distressed_soldier_205.jpg 0 52 114 171 109 49.2879 6,True,6
amazed_american_699.jpg 0 135 180 315 270 31.8663 6,True,6
astound_son_881.jpg 0 79 15 206 270 54.7714 6,True,6
angry_teacher_247.jpg 0 68 68 232 232 69.7789 6,True,6
astound_girl_752.jpg 0 272 561 753 464 56.6462 6,True,3
amazed_expression_554.jpg 8 200 880 976 296 70.63 6,True,0
frightened_by_the_movie_teacher_85.jpg 0 532 247 361 646 65.1676 6,True,6
amazed_asian_298.jpg 1 8 320 368 56 72.9546 6,True,6
amazed_yang_204.jpg 0 80 353 545 272 63.0331 6,True,6
awe_father_435.jpg 0 20 64 112 68 23.4722 6,True,6
astound_expression_827.jpg 1 115 346 393 162 48.1602 6,True,6
fighting_face_664.jpg 0 28 92 140 76 30.8462 6,True,6
mad_wife_657.jpg 0 24 24 72 72 25.0605 6,True,6
distressed_family_5.jpg 0 125 432 568 261 19.9489 6,True,6
